{
  "device_info": {
    "serial_number": "",
    "name": "Orbbec Camera",
    "firmware_version": "",
    "product_line": "Orbbec",
    "device_id": ""
  },
  "timestamp": "20260401_100438",
  "color_intrinsics": {
    "width": 1920,
    "height": 1080,
    "fx": 1125.353271484375,
    "fy": 1124.1767578125,
    "cx": 957.5284423828125,
    "cy": 537.5263061523438,
    "model": "distortion.brown_conrady",
    "coeffs": [
      0.08450395613908768,
      -0.1139112189412117,
      0.0004136522766202688,
      0.0003884898906107992,
      0.047820236533880234,
      0.0,
      0.0,
      0.0
    ],
    "distortion_model": "distortion.brown_conrady"
  },
  "depth_intrinsics": {
    "width": 640,
    "height": 576,
    "fx": 505.00787353515625,
    "fy": 505.0528259277344,
    "cx": 330.34320068359375,
    "cy": 342.19268798828125,
    "model": "distortion.brown_conrady",
    "coeffs": [
      14.914106369018555,
      6.8413920402526855,
      3.711626777658239e-05,
      1.7905647837324068e-05,
      0.21487993001937866,
      15.232443809509277,
      11.868330955505371,
      1.4791805744171143
    ],
    "distortion_model": "distortion.brown_conrady"
  },
  "depth_scale": 0.001,
  "extrinsics": {
    "rotation": [
      -0.6283097614162376,
      -0.47051764973035026,
      0.6195482103931043,
      -0.7704085250030555,
      0.2656014873532128,
      -0.5795917136384696,
      0.10815520473692913,
      -0.8414683542522492,
      -0.5293708156673584
    ],
    "translation": [
      -0.1815805036618848,
      0.6016228734993018,
      0.654641702623818
    ],
    "transform_matrix": [
      [
        -0.6283097614162376,
        -0.47051764973035026,
        0.6195482103931043,
        -0.1815805036618848
      ],
      [
        -0.7704085250030555,
        0.2656014873532128,
        -0.5795917136384696,
        0.6016228734993018
      ],
      [
        0.10815520473692913,
        -0.8414683542522492,
        -0.5293708156673584,
        0.654641702623818
      ],
      [
        0.0,
        0.0,
        0.0,
        1.0
      ]
    ]
  },
  "stream_config": {
    "color": {
      "width": 1280,
      "height": 720,
      "format": "MJPG",
      "fps": 30
    },
    "depth": {
      "width": 640,
      "height": 360,
      "format": "Y16",
      "fps": 30
    }
  }
}